srcip,sport,dstip,dsport,proto,state,dur,sbytes,dbytes,Spkts,Dpkts,swin,dwin,tcprtt,synack,ackdat,ct_flw_http_mthd,original_srcip,original_dstip
192.168.1.105,65136,66.22.241.153,50029,UDP,N/A,0.000344,262,262,5831,3093,N/A,N/A,N/A,N/A,N/A,N/A
192.168.1.105,49814,162.159.137.234,443,tcp,PA,0.000441,152,152,5832,103,2048,N/A,N/A,N/A,N/A,N/A
192.168.1.105,65136,66.22.241.153,50029,UDP,N/A,0.000655,85,85,5833,3094,N/A,N/A,N/A,N/A,N/A,N/A
162.159.137.234,443,192.168.1.105,49814,tcp,A,0.00039,66,66,103,2858,7,N/A,N/A,N/A,N/A,N/A
192.168.1.105,65136,66.22.241.153,50029,UDP,N/A,0.000391,85,85,5834,3095,N/A,N/A,N/A,N/A,N/A,N/A
192.168.1.105,65136,66.22.241.153,50029,UDP,N/A,0.000428,85,85,5835,3096,N/A,N/A,N/A,N/A,N/A,N/A
192.168.1.105,65136,66.22.241.153,50029,UDP,N/A,0.000448,85,85,5836,3097,N/A,N/A,N/A,N/A,N/A,N/A
192.168.1.26,5353,224.0.0.251,5353,DNS,N/A,0.000503,103,103,12,241,N/A,N/A,N/A,N/A,N/A,N/A
192.168.1.105,65136,66.22.241.153,50029,UDP,N/A,0.000354,85,85,5837,3098,N/A,N/A,N/A,N/A,N/A,N/A
192.168.1.105,65136,66.22.241.153,50029,UDP,N/A,0.000447,85,85,5838,3099,N/A,N/A,N/A,N/A,N/A,N/A
192.168.1.105,65136,66.22.241.153,50029,UDP,N/A,0.000404,85,85,5839,3100,N/A,N/A,N/A,N/A,N/A,N/A
192.168.1.105,65136,66.22.241.153,50029,UDP,N/A,0.000382,85,85,5840,3101,N/A,N/A,N/A,N/A,N/A,N/A
192.168.1.105,65136,66.22.241.153,50029,UDP,N/A,0.000413,85,85,5841,3102,N/A,N/A,N/A,N/A,N/A,N/A
192.168.1.105,65136,66.22.241.153,50029,UDP,N/A,0.00039,85,85,5842,3103,N/A,N/A,N/A,N/A,N/A,N/A
192.168.1.105,49814,162.159.137.234,443,tcp,PA,0.000378,152,152,5843,104,2048,N/A,N/A,N/A,N/A,N/A
162.159.137.234,443,192.168.1.105,49814,tcp,A,0.000366,66,66,104,2859,7,N/A,N/A,N/A,N/A,N/A
192.168.1.105,65136,66.22.241.153,50029,UDP,N/A,0.000444,268,268,5844,3104,N/A,N/A,N/A,N/A,N/A,N/A
192.168.1.105,65136,66.22.241.153,50029,UDP,N/A,0.000409,262,262,5845,3105,N/A,N/A,N/A,N/A,N/A,N/A
192.168.1.105,65136,66.22.241.153,50029,UDP,N/A,0.000393,251,251,5846,3106,N/A,N/A,N/A,N/A,N/A,N/A
192.168.1.105,65136,66.22.241.153,50029,UDP,N/A,0.000434,243,243,5847,3107,N/A,N/A,N/A,N/A,N/A,N/A
192.168.1.105,65136,66.22.241.153,50029,UDP,N/A,0.000417,237,237,5848,3108,N/A,N/A,N/A,N/A,N/A,N/A
N/A,N/A,N/A,N/A,ARP,N/A,0.00027,42,42,1,1,N/A,N/A,N/A,N/A,N/A,N/A
N/A,N/A,N/A,N/A,ARP,N/A,0.001331,42,42,1,1,N/A,N/A,N/A,N/A,N/A,N/A
N/A,N/A,N/A,N/A,ARP,N/A,0.002081,60,60,1,1,N/A,N/A,N/A,N/A,N/A,N/A
192.168.1.105,65136,66.22.241.153,50029,UDP,N/A,0.000314,241,241,5849,3109,N/A,N/A,N/A,N/A,N/A,N/A
192.168.1.105,65136,66.22.241.153,50029,UDP,N/A,0.00042,262,262,5850,3110,N/A,N/A,N/A,N/A,N/A,N/A
192.168.1.105,65136,66.22.241.153,50029,UDP,N/A,0.000371,264,264,5851,3111,N/A,N/A,N/A,N/A,N/A,N/A
192.168.1.105,65136,66.22.241.153,50029,UDP,N/A,0.000481,260,260,5852,3112,N/A,N/A,N/A,N/A,N/A,N/A
192.168.1.105,65136,66.22.241.153,50029,UDP,N/A,0.000402,256,256,5853,3113,N/A,N/A,N/A,N/A,N/A,N/A
192.168.1.105,65136,66.22.241.153,50029,UDP,N/A,0.000443,242,242,5854,3114,N/A,N/A,N/A,N/A,N/A,N/A
192.168.1.105,65136,66.22.241.153,50029,UDP,N/A,0.000704,244,244,5855,3115,N/A,N/A,N/A,N/A,N/A,N/A
192.168.1.105,65136,66.22.241.153,50029,UDP,N/A,0.000605,249,249,5856,3116,N/A,N/A,N/A,N/A,N/A,N/A
192.168.1.105,65136,66.22.241.153,50029,UDP,N/A,0.00061,248,248,5857,3117,N/A,N/A,N/A,N/A,N/A,N/A
192.168.1.105,65136,66.22.241.153,50029,UDP,N/A,0.000593,259,259,5858,3118,N/A,N/A,N/A,N/A,N/A,N/A
192.168.1.105,65136,66.22.241.153,50029,UDP,N/A,0.000679,267,267,5859,3119,N/A,N/A,N/A,N/A,N/A,N/A
192.168.1.105,65136,66.22.241.153,50029,UDP,N/A,0.000806,241,241,5860,3120,N/A,N/A,N/A,N/A,N/A,N/A
192.168.1.105,65136,66.22.241.153,50029,UDP,N/A,0.00073,249,249,5861,3121,N/A,N/A,N/A,N/A,N/A,N/A
192.168.1.105,65136,66.22.241.153,50029,UDP,N/A,0.000589,248,248,5862,3122,N/A,N/A,N/A,N/A,N/A,N/A
192.168.1.105,65136,66.22.241.153,50029,UDP,N/A,0.000794,239,239,5863,3123,N/A,N/A,N/A,N/A,N/A,N/A
192.168.1.105,50177,20.189.173.7,443,tcp,PA,0.000451,179,179,5864,550,2048,N/A,N/A,N/A,N/A,N/A
192.168.1.105,50177,20.189.173.7,443,tcp,A,0.001714,1494,1494,5865,551,2048,N/A,N/A,N/A,N/A,N/A
192.168.1.105,50177,20.189.173.7,443,tcp,A,0.002723,1494,1494,5866,552,2048,N/A,N/A,N/A,N/A,N/A
192.168.1.105,50177,20.189.173.7,443,tcp,A,0.003881,1494,1494,5867,553,2048,N/A,N/A,N/A,N/A,N/A
192.168.1.105,50177,20.189.173.7,443,tcp,A,0.005008,1494,1494,5868,554,2048,N/A,N/A,N/A,N/A,N/A
192.168.1.105,50177,20.189.173.7,443,tcp,A,0.005995,1494,1494,5869,555,2048,N/A,N/A,N/A,N/A,N/A
192.168.1.105,50177,20.189.173.7,443,tcp,A,0.00685,1494,1494,5870,556,2048,N/A,N/A,N/A,N/A,N/A
192.168.1.105,50177,20.189.173.7,443,tcp,A,0.007689,1494,1494,5871,557,2048,N/A,N/A,N/A,N/A,N/A
192.168.1.105,50177,20.189.173.7,443,tcp,A,0.008525,1494,1494,5872,558,2048,N/A,N/A,N/A,N/A,N/A
192.168.1.105,50177,20.189.173.7,443,tcp,A,0.009365,1494,1494,5873,559,2048,N/A,N/A,N/A,N/A,N/A
192.168.1.105,50177,20.189.173.7,443,tcp,PA,0.010226,103,103,5874,560,2048,N/A,N/A,N/A,N/A,N/A
192.168.1.105,65136,66.22.241.153,50029,UDP,N/A,0.000323,246,246,5875,3124,N/A,N/A,N/A,N/A,N/A,N/A
N/A,N/A,N/A,N/A,ARP,N/A,0.00019,42,42,1,1,N/A,N/A,N/A,N/A,N/A,N/A
192.168.1.105,65136,66.22.241.153,50029,UDP,N/A,0.000326,247,247,5876,3125,N/A,N/A,N/A,N/A,N/A,N/A
192.168.1.105,65136,66.22.241.153,50029,UDP,N/A,0.000379,253,253,5877,3126,N/A,N/A,N/A,N/A,N/A,N/A
192.168.1.105,65136,66.22.241.153,50029,UDP,N/A,0.000406,257,257,5878,3127,N/A,N/A,N/A,N/A,N/A,N/A
192.168.1.105,65136,66.22.241.153,50029,UDP,N/A,0.000473,257,257,5879,3128,N/A,N/A,N/A,N/A,N/A,N/A
66.22.241.153,50029,192.168.1.105,65136,UDP,N/A,0.000375,94,94,118,2860,N/A,N/A,N/A,N/A,N/A,N/A
192.168.1.105,65136,66.22.241.153,50029,UDP,N/A,0.000446,268,268,5880,3129,N/A,N/A,N/A,N/A,N/A,N/A
192.168.1.105,65136,66.22.241.153,50029,UDP,N/A,0.000793,268,268,5881,3130,N/A,N/A,N/A,N/A,N/A,N/A
192.168.1.105,65136,66.22.241.153,50029,UDP,N/A,0.000734,255,255,5882,3131,N/A,N/A,N/A,N/A,N/A,N/A
192.168.1.105,65136,66.22.241.153,50029,UDP,N/A,0.000661,242,242,5883,3132,N/A,N/A,N/A,N/A,N/A,N/A
20.189.173.7,443,192.168.1.105,50177,tcp,A,0.001906,66,66,315,2861,16385,N/A,N/A,N/A,N/A,N/A
20.189.173.7,443,192.168.1.105,50177,tcp,A,0.00326,66,66,316,2862,16385,N/A,N/A,N/A,N/A,N/A
20.189.173.7,443,192.168.1.105,50177,tcp,A,0.003409,66,66,317,2863,16380,N/A,N/A,N/A,N/A,N/A
20.189.173.7,443,192.168.1.105,50177,tcp,A,0.004646,66,66,318,2864,16385,N/A,N/A,N/A,N/A,N/A
20.189.173.7,443,192.168.1.105,50177,tcp,A,0.00506,66,66,319,2865,16385,N/A,N/A,N/A,N/A,N/A
20.189.173.7,443,192.168.1.105,50177,tcp,PA,0.006266,101,101,320,2866,16385,N/A,N/A,N/A,N/A,N/A
192.168.1.105,50177,20.189.173.7,443,tcp,A,0.007307,66,66,5884,561,2047,N/A,N/A,N/A,N/A,N/A
192.168.1.105,65136,66.22.241.153,50029,UDP,N/A,0.000421,264,264,5885,3133,N/A,N/A,N/A,N/A,N/A,N/A
192.168.1.105,65136,66.22.241.153,50029,UDP,N/A,0.000517,270,270,5886,3134,N/A,N/A,N/A,N/A,N/A,N/A
192.168.1.105,65136,66.22.241.153,50029,UDP,N/A,0.000326,258,258,5887,3135,N/A,N/A,N/A,N/A,N/A,N/A
192.168.1.105,65136,66.22.241.153,50029,UDP,N/A,0.000447,253,253,5888,3136,N/A,N/A,N/A,N/A,N/A,N/A
192.168.1.105,65136,66.22.241.153,50029,UDP,N/A,0.00051,250,250,5889,3137,N/A,N/A,N/A,N/A,N/A,N/A
192.168.1.105,65136,66.22.241.153,50029,UDP,N/A,0.000428,247,247,5890,3138,N/A,N/A,N/A,N/A,N/A,N/A
192.168.1.105,65136,66.22.241.153,50029,UDP,N/A,0.000509,245,245,5891,3139,N/A,N/A,N/A,N/A,N/A,N/A
192.168.1.136,5353,224.0.0.251,5353,DNS,N/A,0.00269,325,325,10,242,N/A,N/A,N/A,N/A,N/A,N/A
192.168.1.136,5353,224.0.0.251,5353,DNS,N/A,0.005539,325,325,11,243,N/A,N/A,N/A,N/A,N/A,N/A
192.168.1.136,5353,224.0.0.251,5353,DNS,N/A,0.007415,325,325,12,244,N/A,N/A,N/A,N/A,N/A,N/A
192.168.1.105,65136,66.22.241.153,50029,UDP,N/A,0.001312,244,244,5892,3140,N/A,N/A,N/A,N/A,N/A,N/A
20.189.173.7,443,192.168.1.105,50177,tcp,PA,0.000618,164,164,321,2867,16385,N/A,N/A,N/A,N/A,N/A
192.168.1.105,50177,20.189.173.7,443,tcp,A,0.002755,66,66,5893,562,2046,N/A,N/A,N/A,N/A,N/A
192.168.1.105,65136,66.22.241.153,50029,UDP,N/A,0.002319,255,255,5894,3141,N/A,N/A,N/A,N/A,N/A,N/A
192.168.1.105,65136,66.22.241.153,50029,UDP,N/A,0.000622,269,269,5895,3142,N/A,N/A,N/A,N/A,N/A,N/A
192.168.1.105,65136,66.22.241.153,50029,UDP,N/A,0.000762,263,263,5896,3143,N/A,N/A,N/A,N/A,N/A,N/A
192.168.1.105,65136,66.22.241.153,50029,UDP,N/A,0.001859,259,259,5897,3144,N/A,N/A,N/A,N/A,N/A,N/A
192.168.1.105,65136,66.22.241.153,50029,UDP,N/A,0.000751,258,258,5898,3145,N/A,N/A,N/A,N/A,N/A,N/A
192.168.1.105,65136,66.22.241.153,50029,UDP,N/A,0.001124,275,275,5899,3146,N/A,N/A,N/A,N/A,N/A,N/A
192.168.1.105,65136,66.22.241.153,50029,UDP,N/A,0.000855,270,270,5900,3147,N/A,N/A,N/A,N/A,N/A,N/A
192.168.1.105,65136,66.22.241.153,50029,UDP,N/A,0.00189,261,261,5901,3148,N/A,N/A,N/A,N/A,N/A,N/A
192.168.1.105,65136,66.22.241.153,50029,UDP,N/A,0.001722,250,250,5902,3149,N/A,N/A,N/A,N/A,N/A,N/A
192.168.1.105,65136,66.22.241.153,50029,UDP,N/A,0.003944,262,262,5903,3150,N/A,N/A,N/A,N/A,N/A,N/A
192.168.1.105,65136,66.22.241.153,50029,UDP,N/A,0.001521,256,256,5904,3151,N/A,N/A,N/A,N/A,N/A,N/A
192.168.1.105,65136,66.22.241.153,50029,UDP,N/A,0.002645,245,245,5905,3152,N/A,N/A,N/A,N/A,N/A,N/A
192.168.1.105,65136,66.22.241.153,50029,UDP,N/A,0.002623,240,240,5906,3153,N/A,N/A,N/A,N/A,N/A,N/A
192.168.1.105,65136,66.22.241.153,50029,UDP,N/A,0.001277,249,249,5907,3154,N/A,N/A,N/A,N/A,N/A,N/A
192.168.1.136,5353,224.0.0.251,5353,DNS,N/A,0.002683,325,325,13,245,N/A,N/A,N/A,N/A,N/A,N/A
192.168.1.136,5353,224.0.0.251,5353,DNS,N/A,0.004919,325,325,14,246,N/A,N/A,N/A,N/A,N/A,N/A
N/A,N/A,N/A,N/A,ARP,N/A,0.006501,42,42,1,1,N/A,N/A,N/A,N/A,N/A,N/A
192.168.1.105,65136,66.22.241.153,50029,UDP,N/A,0.006011,256,256,5908,3155,N/A,N/A,N/A,N/A,N/A,N/A
192.168.1.105,65136,66.22.241.153,50029,UDP,N/A,0.000837,258,258,5909,3156,N/A,N/A,N/A,N/A,N/A,N/A
192.168.1.105,65136,66.22.241.153,50029,UDP,N/A,0.0015,260,260,5910,3157,N/A,N/A,N/A,N/A,N/A,N/A
192.168.1.105,65136,66.22.241.153,50029,UDP,N/A,0.001874,247,247,5911,3158,N/A,N/A,N/A,N/A,N/A,N/A
192.168.1.105,65136,66.22.241.153,50029,UDP,N/A,0.00224,241,241,5912,3159,N/A,N/A,N/A,N/A,N/A,N/A
192.168.1.105,65136,66.22.241.153,50029,UDP,N/A,0.000824,238,238,5913,3160,N/A,N/A,N/A,N/A,N/A,N/A
192.168.1.105,65136,66.22.241.153,50029,UDP,N/A,0.001573,247,247,5914,3161,N/A,N/A,N/A,N/A,N/A,N/A
192.168.1.105,65136,66.22.241.153,50029,UDP,N/A,0.003486,245,245,5915,3162,N/A,N/A,N/A,N/A,N/A,N/A
192.168.1.105,65136,66.22.241.153,50029,UDP,N/A,0.002033,260,260,5916,3163,N/A,N/A,N/A,N/A,N/A,N/A
192.168.1.105,65136,66.22.241.153,50029,UDP,N/A,0.002465,273,273,5917,3164,N/A,N/A,N/A,N/A,N/A,N/A
192.168.1.105,56188,172.224.54.5,443,UDP,N/A,0.000705,84,84,5918,44,N/A,N/A,N/A,N/A,N/A,N/A
192.168.1.105,65136,66.22.241.153,50029,UDP,N/A,0.000623,272,272,5919,3165,N/A,N/A,N/A,N/A,N/A,N/A
192.168.1.105,65136,66.22.241.153,50029,UDP,N/A,0.001812,263,263,5920,3166,N/A,N/A,N/A,N/A,N/A,N/A
fe80::18ed:cdfc:e564:bf5f,50137,fe80::1c91:6783:5574:817b,7000,TCP,PA,0.006073,172,172,1,1,2048,N/A,N/A,N/A,N/A,N/A
fe80::18ed:cdfc:e564:bf5f,50127,fe80::10f0:6e80:ed76:5d6d,7000,TCP,PA,0.008789,172,172,1,1,2048,N/A,N/A,N/A,N/A,N/A
192.168.1.105,65136,66.22.241.153,50029,UDP,N/A,0.007218,253,253,5921,3167,N/A,N/A,N/A,N/A,N/A,N/A
fe80::1c91:6783:5574:817b,7000,fe80::18ed:cdfc:e564:bf5f,50137,TCP,A,0.008431,86,86,1,1,4093,N/A,N/A,N/A,N/A,N/A
fe80::1c91:6783:5574:817b,7000,fe80::18ed:cdfc:e564:bf5f,50137,TCP,PA,0.008762,321,321,1,1,4096,N/A,N/A,N/A,N/A,N/A
fe80::18ed:cdfc:e564:bf5f,50137,fe80::1c91:6783:5574:817b,7000,TCP,A,0.009915,86,86,1,1,2044,N/A,N/A,N/A,N/A,N/A
fe80::10f0:6e80:ed76:5d6d,7000,fe80::18ed:cdfc:e564:bf5f,50127,TCP,A,0.010593,86,86,1,1,4093,N/A,N/A,N/A,N/A,N/A
fe80::10f0:6e80:ed76:5d6d,7000,fe80::18ed:cdfc:e564:bf5f,50127,TCP,PA,0.009699,321,321,1,1,4096,N/A,N/A,N/A,N/A,N/A
fe80::18ed:cdfc:e564:bf5f,50127,fe80::10f0:6e80:ed76:5d6d,7000,TCP,A,0.011207,86,86,1,1,2044,N/A,N/A,N/A,N/A,N/A
192.168.1.105,65136,66.22.241.153,50029,UDP,N/A,0.000493,246,246,5922,3168,N/A,N/A,N/A,N/A,N/A,N/A
192.168.1.105,65136,66.22.241.153,50029,UDP,N/A,0.000613,258,258,5923,3169,N/A,N/A,N/A,N/A,N/A,N/A
192.168.1.105,65136,66.22.241.153,50029,UDP,N/A,0.000504,257,257,5924,3170,N/A,N/A,N/A,N/A,N/A,N/A
N/A,N/A,N/A,N/A,ARP,N/A,0.000284,42,42,1,1,N/A,N/A,N/A,N/A,N/A,N/A
192.168.1.105,65136,66.22.241.153,50029,UDP,N/A,0.000354,252,252,5925,3171,N/A,N/A,N/A,N/A,N/A,N/A
192.168.1.105,65136,66.22.241.153,50029,UDP,N/A,0.000369,277,277,5926,3172,N/A,N/A,N/A,N/A,N/A,N/A
192.168.1.105,65136,66.22.241.153,50029,UDP,N/A,0.000341,289,289,5927,3173,N/A,N/A,N/A,N/A,N/A,N/A
192.168.1.105,62378,172.224.54.8,443,UDP,N/A,0.00042,1392,1392,5928,1,N/A,N/A,N/A,N/A,N/A,N/A
192.168.1.105,65136,66.22.241.153,50029,UDP,N/A,0.001341,276,276,5929,3174,N/A,N/A,N/A,N/A,N/A,N/A
192.168.1.105,65136,66.22.241.153,50029,UDP,N/A,0.000258,276,276,5930,3175,N/A,N/A,N/A,N/A,N/A,N/A
172.224.54.8,443,192.168.1.105,62378,UDP,N/A,0.000321,1242,1242,1,2868,N/A,N/A,N/A,N/A,N/A,N/A
192.168.1.105,62378,172.224.54.8,443,UDP,N/A,0.000272,156,156,5931,2,N/A,N/A,N/A,N/A,N/A,N/A
192.168.1.105,62378,172.224.54.8,443,UDP,N/A,0.001115,1392,1392,5932,3,N/A,N/A,N/A,N/A,N/A,N/A
192.168.1.105,62378,172.224.54.8,443,UDP,N/A,0.001232,851,851,5933,4,N/A,N/A,N/A,N/A,N/A,N/A
192.168.1.105,62378,172.224.54.8,443,UDP,N/A,0.001993,164,164,5934,5,N/A,N/A,N/A,N/A,N/A,N/A
192.168.1.105,65136,66.22.241.153,50029,UDP,N/A,0.000246,270,270,5935,3176,N/A,N/A,N/A,N/A,N/A,N/A
172.224.54.8,443,192.168.1.105,62378,UDP,N/A,0.000279,866,866,2,2869,N/A,N/A,N/A,N/A,N/A,N/A
172.224.54.8,443,192.168.1.105,62378,UDP,N/A,0.001111,74,74,3,2870,N/A,N/A,N/A,N/A,N/A,N/A
172.224.54.8,443,192.168.1.105,62378,UDP,N/A,0.001931,74,74,4,2871,N/A,N/A,N/A,N/A,N/A,N/A
172.224.54.8,443,192.168.1.105,62378,UDP,N/A,0.002743,99,99,5,2872,N/A,N/A,N/A,N/A,N/A,N/A
192.168.1.105,62378,172.224.54.8,443,UDP,N/A,0.001929,85,85,5936,6,N/A,N/A,N/A,N/A,N/A,N/A
192.168.1.105,65136,66.22.241.153,50029,UDP,N/A,0.001662,270,270,5937,3177,N/A,N/A,N/A,N/A,N/A,N/A
192.168.1.105,65136,66.22.241.153,50029,UDP,N/A,0.000357,279,279,5938,3178,N/A,N/A,N/A,N/A,N/A,N/A
66.22.241.153,50029,192.168.1.105,65136,UDP,N/A,0.000294,94,94,119,2873,N/A,N/A,N/A,N/A,N/A,N/A
172.224.54.8,443,192.168.1.105,62378,UDP,N/A,0.000293,821,821,6,2874,N/A,N/A,N/A,N/A,N/A,N/A
192.168.1.105,50257,140.82.121.4,443,tcp,SEC,0.000257,78,78,5939,1,65535,N/A,N/A,N/A,N/A,N/A
192.168.1.105,65136,66.22.241.153,50029,UDP,N/A,0.000313,262,262,5940,3179,N/A,N/A,N/A,N/A,N/A,N/A
192.168.1.105,62378,172.224.54.8,443,UDP,N/A,0.000331,85,85,5941,7,N/A,N/A,N/A,N/A,N/A,N/A
192.168.1.105,65136,66.22.241.153,50029,UDP,N/A,0.000324,247,247,5942,3180,N/A,N/A,N/A,N/A,N/A,N/A
140.82.121.4,443,192.168.1.105,50257,tcp,SAE,0.00036,74,74,1,2875,65535,N/A,N/A,N/A,N/A,N/A
192.168.1.105,50257,140.82.121.4,443,tcp,A,0.001399,66,66,5943,2,2069,N/A,0.040548,N/A,N/A,N/A
192.168.1.105,50257,140.82.121.4,443,tcp,PA,0.001606,386,386,5944,3,2069,N/A,N/A,N/A,N/A,N/A
192.168.1.105,65136,66.22.241.153,50029,UDP,N/A,0.000314,253,253,5945,3181,N/A,N/A,N/A,N/A,N/A,N/A
192.168.1.105,49814,162.159.137.234,443,tcp,PA,0.000396,152,152,5946,105,2048,N/A,N/A,N/A,N/A,N/A
192.168.1.105,65136,66.22.241.153,50029,UDP,N/A,0.00044,85,85,5947,3182,N/A,N/A,N/A,N/A,N/A,N/A
162.159.137.234,443,192.168.1.105,49814,tcp,A,0.000322,66,66,105,2876,7,N/A,N/A,N/A,N/A,N/A
140.82.121.4,443,192.168.1.105,50257,tcp,A,0.000347,1490,1490,2,2877,66,N/A,N/A,N/A,N/A,N/A
140.82.121.4,443,192.168.1.105,50257,tcp,PA,0.001406,1455,1455,3,2878,66,N/A,N/A,N/A,N/A,N/A
192.168.1.105,50257,140.82.121.4,443,tcp,A,0.002264,66,66,5948,4,2025,N/A,N/A,N/A,N/A,N/A
192.168.1.105,50257,140.82.121.4,443,tcp,PA,0.000312,72,72,5949,5,2048,N/A,N/A,N/A,N/A,N/A
192.168.1.105,50257,140.82.121.4,443,tcp,PA,0.00131,124,124,5950,6,2048,N/A,N/A,N/A,N/A,N/A
192.168.1.105,50257,140.82.121.4,443,tcp,PA,0.002146,152,152,5951,7,2048,N/A,N/A,N/A,N/A,N/A
192.168.1.105,50257,140.82.121.4,443,tcp,PA,0.003057,340,340,5952,8,2048,N/A,N/A,N/A,N/A,N/A
192.168.1.105,65136,66.22.241.153,50029,UDP,N/A,0.002534,85,85,5953,3183,N/A,N/A,N/A,N/A,N/A,N/A
192.168.1.105,65136,66.22.241.153,50029,UDP,N/A,0.000369,85,85,5954,3184,N/A,N/A,N/A,N/A,N/A,N/A
140.82.121.4,443,192.168.1.105,50257,tcp,PA,0.000415,145,145,4,2879,67,N/A,N/A,N/A,N/A,N/A
140.82.121.4,443,192.168.1.105,50257,tcp,PA,0.001692,145,145,5,2880,67,N/A,N/A,N/A,N/A,N/A
140.82.121.4,443,192.168.1.105,50257,tcp,PA,0.002766,130,130,6,2881,67,N/A,N/A,N/A,N/A,N/A
192.168.1.105,50257,140.82.121.4,443,tcp,A,0.003795,66,66,5955,9,2044,N/A,N/A,N/A,N/A,N/A
192.168.1.105,50257,140.82.121.4,443,tcp,PA,0.004646,97,97,5956,10,2048,N/A,N/A,N/A,N/A,N/A
192.168.1.105,65136,66.22.241.153,50029,UDP,N/A,0.000303,85,85,5957,3185,N/A,N/A,N/A,N/A,N/A,N/A
N/A,N/A,N/A,N/A,ARP,N/A,0.000253,60,60,1,1,N/A,N/A,N/A,N/A,N/A,N/A
192.168.1.105,65136,66.22.241.153,50029,UDP,N/A,0.000379,85,85,5958,3186,N/A,N/A,N/A,N/A,N/A,N/A
192.168.1.105,65136,66.22.241.153,50029,UDP,N/A,0.000364,85,85,5959,3187,N/A,N/A,N/A,N/A,N/A,N/A
192.168.1.105,65136,66.22.241.153,50029,UDP,N/A,0.000436,85,85,5960,3188,N/A,N/A,N/A,N/A,N/A,N/A
192.168.1.105,65136,66.22.241.153,50029,UDP,N/A,0.000451,85,85,5961,3189,N/A,N/A,N/A,N/A,N/A,N/A
140.82.121.4,443,192.168.1.105,50257,tcp,A,0.001792,66,66,7,2882,67,N/A,N/A,N/A,N/A,N/A
192.168.1.105,65136,66.22.241.153,50029,UDP,N/A,0.00054,85,85,5962,3190,N/A,N/A,N/A,N/A,N/A,N/A
192.168.1.105,49814,162.159.137.234,443,tcp,PA,0.000579,152,152,5963,106,2048,N/A,N/A,N/A,N/A,N/A
162.159.137.234,443,192.168.1.105,49814,tcp,A,0.000706,66,66,106,2883,7,N/A,N/A,N/A,N/A,N/A
192.168.1.105,65136,66.22.241.153,50029,UDP,N/A,0.001521,247,247,5964,3191,N/A,N/A,N/A,N/A,N/A,N/A
140.82.121.4,443,192.168.1.105,50257,tcp,PA,0.00056,630,630,8,2884,67,N/A,N/A,N/A,N/A,N/A
192.168.1.105,50257,140.82.121.4,443,tcp,A,0.002139,66,66,5965,11,2039,N/A,N/A,N/A,N/A,N/A
192.168.1.105,50257,140.82.121.4,443,tcp,PA,0.00156,367,367,5966,12,2048,N/A,N/A,N/A,N/A,N/A
192.168.1.105,65136,66.22.241.153,50029,UDP,N/A,0.000524,270,270,5967,3192,N/A,N/A,N/A,N/A,N/A,N/A
192.168.1.105,65136,66.22.241.153,50029,UDP,N/A,0.000615,279,279,5968,3193,N/A,N/A,N/A,N/A,N/A,N/A
140.82.121.4,443,192.168.1.105,50257,tcp,A,0.000616,66,66,9,2885,68,N/A,N/A,N/A,N/A,N/A
140.82.121.4,443,192.168.1.105,50257,tcp,PA,0.002851,114,114,10,2886,68,N/A,N/A,N/A,N/A,N/A
192.168.1.105,50257,140.82.121.4,443,tcp,A,0.004304,66,66,5969,13,2047,N/A,N/A,N/A,N/A,N/A
192.168.1.105,65136,66.22.241.153,50029,UDP,N/A,0.000501,267,267,5970,3194,N/A,N/A,N/A,N/A,N/A,N/A
192.168.1.105,65136,66.22.241.153,50029,UDP,N/A,0.001337,252,252,5971,3195,N/A,N/A,N/A,N/A,N/A,N/A
192.168.1.105,65136,66.22.241.153,50029,UDP,N/A,0.000693,244,244,5972,3196,N/A,N/A,N/A,N/A,N/A,N/A
192.168.1.105,65136,66.22.241.153,50029,UDP,N/A,0.00151,258,258,5973,3197,N/A,N/A,N/A,N/A,N/A,N/A
192.168.1.105,65136,66.22.241.153,50029,UDP,N/A,0.001468,257,257,5974,3198,N/A,N/A,N/A,N/A,N/A,N/A
192.168.1.105,65136,66.22.241.153,50029,UDP,N/A,0.002264,259,259,5975,3199,N/A,N/A,N/A,N/A,N/A,N/A
140.82.121.4,443,192.168.1.105,50257,tcp,PA,0.001619,503,503,11,2887,68,N/A,N/A,N/A,N/A,N/A
192.168.1.105,50257,140.82.121.4,443,tcp,A,0.005028,66,66,5976,14,2041,N/A,N/A,N/A,N/A,N/A
192.168.1.105,65136,66.22.241.153,50029,UDP,N/A,0.000658,255,255,5977,3200,N/A,N/A,N/A,N/A,N/A,N/A
