original_srcip,sport,original_dstip,dsport,proto,state,dur,sbytes,dbytes,Spkts,Dpkts,predictions
17.250.81.128,443,192.168.1.105,52469,4,0,0.000364,66,66,1,1,1
162.159.137.234,443,192.168.1.105,49814,4,0,0.000506,66,66,1,28,1
20.42.73.24,443,192.168.1.105,52333,4,0,0.002008,66,66,1,52,1
104.17.239.159,443,192.168.1.105,51762,4,2,0.008693,226,226,1,69,1
162.159.133.234,443,192.168.1.105,49564,4,2,0.000364,497,497,1,81,1
18.156.18.144,443,192.168.1.105,51771,3,0,0.000943,66,66,2,95,1
17.250.81.128,443,192.168.1.105,52469,3,0,0.00046,66,66,52,98,1
162.159.137.234,443,192.168.1.105,49814,3,0,0.000354,66,66,3,115,1
20.42.73.24,443,192.168.1.105,52333,3,0,0.000421,66,66,18,119,1
130.211.33.145,443,192.168.1.105,51969,3,2,0.001877,97,97,1,144,1
20.74.18.95,443,192.168.1.105,52466,3,0,0.000239,66,66,1,153,1
52.98.178.146,443,192.168.1.105,50923,3,0,0.000231,66,66,1,167,1
172.224.54.5,443,192.168.1.105,54133,2,1,0.000249,74,74,1,168,1
162.159.137.234,443,192.168.1.105,49814,3,0,0.000367,66,66,20,251,1
17.250.81.128,443,192.168.1.105,52469,3,0,0.000315,66,66,97,252,1
20.42.73.24,443,192.168.1.105,52333,3,0,0.000379,66,66,29,259,1
104.17.239.159,443,192.168.1.105,51762,4,2,0.000367,100,100,4,339,1
20.42.73.24,443,192.168.1.105,52333,4,0,0.00031,66,66,43,340,1
17.250.81.128,443,192.168.1.105,52469,4,0,0.00042,66,66,149,346,1
162.159.137.234,443,192.168.1.105,49814,4,0,0.001139,66,66,27,365,1
130.211.33.145,443,192.168.1.105,51969,4,2,0.000415,97,97,3,422,1
192.168.1.1,53,192.168.1.105,63407,1,1,0.000308,89,89,2,439,1
172.224.54.5,443,192.168.1.105,54133,3,1,0.001029,74,74,2,449,1
104.83.192.24,443,192.168.1.105,52489,4,3,0.000215,74,74,1,457,1
2.21.39.13,443,192.168.1.105,52490,4,3,0.000677,74,74,1,499,1
104.17.239.159,443,192.168.1.105,53999,2,2,0.000375,67,67,14,556,1
17.250.81.128,443,192.168.1.105,52469,3,0,0.000371,66,66,230,559,1
18.156.18.144,443,192.168.1.105,51771,3,0,0.012278,66,66,5,571,1
20.42.73.24,443,192.168.1.105,52333,3,0,0.001182,66,66,65,588,1
20.74.18.95,443,192.168.1.105,52466,3,0,0.007418,66,66,2,628,1
20.42.73.24,443,192.168.1.105,52333,4,0,0.003434,66,66,81,642,1
130.211.33.145,443,192.168.1.105,51969,4,2,0.000459,97,97,5,663,1
162.159.137.234,443,192.168.1.105,49814,4,0,0.002926,66,66,37,667,1
162.159.133.234,443,192.168.1.105,49564,4,2,0.000298,165,165,2,669,1
17.250.81.128,443,192.168.1.105,52469,4,0,0.000253,66,66,272,670,1
20.42.73.24,443,192.168.1.105,52333,6,0,0.000343,78,78,96,678,1
17.250.81.128,443,192.168.1.105,52469,6,0,0.011117,66,66,277,698,1
17.250.81.128,443,192.168.1.105,52469,6,0,0.000307,66,66,325,791,1
20.42.73.24,443,192.168.1.105,52333,6,0,0.000423,66,66,145,795,1
104.17.239.159,443,192.168.1.105,51762,6,0,0.000891,66,66,16,862,1
162.159.133.234,443,192.168.1.105,49564,6,2,0.004797,172,172,3,866,1
130.211.33.145,443,192.168.1.105,51969,6,2,0.00079,97,97,7,867,1
172.224.54.5,443,192.168.1.105,54133,4,1,0.00036,74,74,11,888,1
20.74.18.95,443,192.168.1.105,52466,6,0,0.005233,66,66,3,889,1
140.82.114.26,443,192.168.1.105,52048,6,0,0.001666,66,66,1,890,1
52.98.178.146,443,192.168.1.105,50923,6,0,0.000278,66,66,63,892,1
162.159.137.234,443,192.168.1.105,49814,5,0,0.000319,66,66,39,960,1
104.17.239.159,443,192.168.1.105,51762,5,3,0.000736,136,136,1,2,1
17.248.195.129,443,192.168.1.105,52668,5,0,0.000717,66,66,1,4,1
130.211.33.145,443,192.168.1.105,52670,5,3,0.000603,97,97,1,26,1
17.248.255.8,443,192.168.1.105,56714,4,2,0.002786,73,73,1,27,1
18.156.18.144,443,192.168.1.105,51771,5,0,0.007852,66,66,1,35,1
20.42.72.131,443,192.168.1.105,52653,5,0,0.000817,66,66,1,46,1
20.74.18.95,443,192.168.1.105,52671,5,0,0.00082,66,66,1,142,1
104.18.23.104,443,192.168.1.105,52585,5,0,0.000352,66,66,1,181,1
140.82.112.26,443,192.168.1.105,52667,5,0,0.00032,66,66,1,485,1
162.159.135.234,443,192.168.1.105,52672,5,3,0.00051,363,363,1,509,1
172.64.154.58,443,192.168.1.105,51318,5,0,0.00034,66,66,1,556,1
13.107.5.93,443,192.168.1.105,52669,5,5,0.000473,60,60,1,569,1
52.98.178.146,443,192.168.1.105,50922,5,0,0.000366,66,66,1,580,1
17.253.79.204,443,192.168.1.105,53536,5,3,0.000444,90,90,1,3,1
17.250.81.133,443,192.168.1.105,53214,5,0,0.000327,66,66,1,7,1
20.50.201.195,443,192.168.1.105,53426,5,0,0.000376,66,66,1,28,1
